{
  ".Ver":1.0, 
  ".metaInfo":{
    
  }, 
  ".rootEnvs":{
    "serverProject":"//nas/data/PipePrj/NEZHA"
  }, 
  "links":{
    "ExtraLinks":[
      
    ]
  }, 
  "mainFile":"", 
  "otherFiles":{
    "pkg":[
      "%(serverProject)s/shots/seqYCO/seqYCO_shot009/Animation/default/Main.v001/uploadVersion_forMain.json", 
      "%(serverProject)s/shots/seqYCO/seqYCO_shot009/Animation/default/Main.v001/uploadVersion_forVer.json"
    ], 
    "versionfile":[
      "%(serverProject)s/shots/seqYCO/seqYCO_shot009/Animation/default/Main/nez_seqYCO_shot009_get.mov"
    ]
  }
}