{
  ".Ver":5, 
  ".metaInfo":{
    "abcCacheDict":[
      {"Cata": "CHR", "Enable": true, "CacheType": "abc", "Namespace": "nz_c_009002yakshawater_rig_v01", "geometryGrp": "|nz_c_009002yakshawater_rig_v01:Root_grp|nz_c_009002yakshawater_rig_v01:Geo_grp", "Asset": "c_009002yakshawater", "Rig": "default"}, 
      {"Cata": "CHR", "Enable": true, "CacheType": "abc", "Namespace": "nz_c_072001puppy_rig", "geometryGrp": "|nz_c_072001puppy_rig:Root_grp|nz_c_072001puppy_rig:Geo_grp", "Asset": "c_072001puppy", "Rig": "default"}
    ], 
    "timeRange":[1001.0, 1080.0], 
    "yetiCacheDict":[
      
    ]
  }, 
  ".rootEnvs":{
    "serverProject":"//nas/data/PipePrj/NEZHA"
  }, 
  "links":{
    "ExtraLinks":[
      
    ]
  }, 
  "mainFile":"%(serverProject)s/shots/seqYCO/seqYCO_shot009/Animation/default/Main.v005/nez_seqYCO_shot009_anm_jiacheng.li_v005.ma", 
  "otherFiles":{
    "abc":[
      "%(serverProject)s/shots/seqYCO/seqYCO_shot009/Animation/default/Main.v006/abc/CHR_c_009002yakshawater--nz_c_009002yakshawater_rig_v01.abc", 
      "%(serverProject)s/shots/seqYCO/seqYCO_shot009/Animation/default/Main.v006/abc/CHR_c_072001puppy--nz_c_072001puppy_rig.abc", 
      "%(serverProject)s/shots/seqYCO/seqYCO_shot009/Animation/default/Main.v006/abc/ShotCamera_seqYCO_shot009--.abc", 
      "%(serverProject)s/shots/seqYCO/seqYCO_shot009/Animation/default/Main.v006/abc/ShotAR_seqYCO_shot009--.abc"
    ], 
    "cocoShotScene(NZ Pub Ani ShotScene)":[
      "//nas/outsource/nezha_out/production/film/f_YCO/f_YCO009/ani/ok/nz_f_YCO009_ShotScene.ma"
    ], 
    "extendFiles":[
      "%(serverProject)s/shots/seqYCO/seqYCO_shot009/Animation/default/Main.v005/nez_seqYCO_shot009_anm_jiacheng.li_v005.infoJson", 
      "%(serverProject)s/shots/seqYCO/seqYCO_shot009/Animation/default/Main.v005/nez_seqYCO_shot009_aniRigs_jiacheng.li_v005.ma", 
      "%(serverProject)s/shots/seqYCO/seqYCO_shot009/Animation/default/Main.v006/nez_seqYCO_shot009_aniLay_jiacheng.li_v006.ma", 
      "%(serverProject)s/shots/seqYCO/seqYCO_shot009/Animation/default/Main.v006/nez_seqYCO_shot009_aniLayAD_jiacheng.li_v006.ma"
    ], 
    "nezha_coco(neZhaAniPathToCoCo)":[
      "//nas/outsource/nezha_out/production/film/f_YCO/f_YCO009/ani/ok/nz_f_YCO009_Polishing_anm.ma", 
      "//nas/outsource/nezha_out/production/film/f_YCO/f_YCO009/ani/cache/c_009002yakshawater/nz_f_YCO009_c_009002yakshawater_rig_v01.abc", 
      "//nas/outsource/nezha_out/production/film/f_YCO/f_YCO009/ani/cache/c_072001puppy/nz_f_YCO009_c_072001puppy_rig.abc", 
      "//nas/outsource/nezha_out/production/film/f_YCO/f_YCO009/ani/cam/nz_f_YCO009_cam.abc", 
      "//nas/outsource/nezha_out/production/film/f_YCO/f_YCO009/ani/preview/nz_f_YCO009_Polishing_anm.mov"
    ], 
    "pkg":[
      "%(serverProject)s/shots/seqYCO/seqYCO_shot009/Animation/default/Main.v005/nez_seqYCO_shot009_pkg_jiacheng.li_v005_forMain.json", 
      "%(serverProject)s/shots/seqYCO/seqYCO_shot009/Animation/default/Main.v005/nez_seqYCO_shot009_pkg_jiacheng.li_v005_forVer.json"
    ], 
    "previews":[
      "%(serverProject)s/shots/seqYCO/seqYCO_shot009/Animation/default/Main.v005/nez_seqYCO_shot009_play_jiacheng.li_v005.mov", 
      "%(serverProject)s/shots/seqYCO/seqYCO_shot009/Animation/default/Main.v005/nez_seqYCO_shot009_thum_jiacheng.li_v005.gif"
    ]
  }
}