{
  ".Ver":10, 
  ".metaInfo":{
    
  }, 
  ".rootEnvs":{
    "serverProject":"//nas/data/PipePrj/XCM"
  }, 
  "links":{
    "ExtraLinks":[
      
    ]
  }, 
  "mainFile":"%(serverProject)s/_Assets/Characters/WolfGirl/LookDev/seq000//Main.v010/CHR_WolfGirl_port.ma", 
  "otherFiles":{
    "pkg":[
      "%(serverProject)s/_Assets/Characters/WolfGirl/LookDev/seq000//Main.v010/CHR_WolfGirl_pkg_forMain.json", 
      "%(serverProject)s/_Assets/Characters/WolfGirl/LookDev/seq000//Main.v010/CHR_WolfGirl_pkg_forVer.json"
    ], 
    "previews":[
      "%(serverProject)s/_Assets/Characters/WolfGirl/LookDev/seq000//Main.v010/CHR_WolfGirl_thum.jpg", 
      "%(serverProject)s/_Assets/Characters/WolfGirl/LookDev/seq000//Main.v010/CHR_WolfGirl_play.jpg"
    ]
  }
}